VENUE	PokerAtlasURL
Talking Stick Resort	https://www.pokeratlas.com/poker-room/talking-stick-resort-scottsdale
Casino Del Sol	https://www.pokeratlas.com/poker-room/casino-del-sol-tucson
Hon-Dah Casino	https://www.pokeratlas.com/poker-room/hon-dah-casino-pinetop
Saracen Casino Resort	https://www.pokeratlas.com/poker-room/saracen-casino-resort-pine-bluff
Commerce Casino	https://www.pokeratlas.com/poker-room/commerce-casino-los-angeles
The Bicycle Hotel & Casino	https://www.pokeratlas.com/poker-room/bicycle-casino-bell-gardens
The Gardens Casino	https://www.pokeratlas.com/poker-room/the-gardens-hawaiian-gardens
Hustler Casino	https://www.pokeratlas.com/poker-room/hustler-casino-gardena
Hollywood Park Casino	https://www.pokeratlas.com/poker-room/hollywood-park-inglewood
Crystal Casino	https://www.pokeratlas.com/poker-room/crystal-casino-compton
Bay 101 Casino	https://www.pokeratlas.com/poker-room/bay-101-san-jose
Casino M8trix	https://www.pokeratlas.com/poker-room/casino-m8trix-san-jose
Thunder Valley Casino Resort	https://www.pokeratlas.com/poker-room/thunder-valley-casino-resort-lincoln
Graton Resort & Casino	https://www.pokeratlas.com/poker-room/graton-resort-casino-rohnert-park
Pechanga Resort Casino	https://www.pokeratlas.com/poker-room/pechanga-resort-casino-temecula
Morongo Casino Resort	https://www.pokeratlas.com/poker-room/morongo-casino-resort-cabazon
Jamul Casino	https://www.pokeratlas.com/poker-room/jamul-casino
Seven Mile Casino	https://www.pokeratlas.com/poker-room/seven-mile-casino-chula-vista
Sycuan Casino Resort	https://www.pokeratlas.com/poker-room/sycuan-casino-resort-el-cajon
Ocean's Eleven Casino	https://www.pokeratlas.com/poker-room/oceans-11-oceanside
Capitol Casino	https://www.pokeratlas.com/poker-room/capitol-casino-sacramento
Parkwest Casino Cordova	https://www.pokeratlas.com/poker-room/parkwest-rancho-cordova
Parkwest Casino Lotus	https://www.pokeratlas.com/poker-room/lotus-sacramento
Red Hawk Casino	https://www.pokeratlas.com/poker-room/red-hawk-casino-placerville
Artichoke Joe's Casino	https://www.pokeratlas.com/poker-room/artichoke-joes-san-bruno
Lucky Chances Casino	https://www.pokeratlas.com/poker-room/lucky-chances-colma
California Grand Casino	https://www.pokeratlas.com/poker-room/california-grand-pacheco
Livermore Casino	https://www.pokeratlas.com/poker-room/livermore-casino-livermore
Parkwest Casino 580	https://www.pokeratlas.com/poker-room/parkwest-livermore
Napa Valley Casino	https://www.pokeratlas.com/poker-room/napa-valley-casino-american-canyon
Parkwest Casino Sonoma	https://www.pokeratlas.com/poker-room/parkwest-sonoma-petaluma
Bankers Casino	https://www.pokeratlas.com/poker-room/bankers-casino-salinas
Garlic City Casino	https://www.pokeratlas.com/poker-room/garlic-city-casino-gilroy
Central Coast Casino	https://www.pokeratlas.com/poker-room/central-coast-grover-beach
Paso Robles Casino	https://www.pokeratlas.com/poker-room/paso-robles-casino
Player's Casino	https://www.pokeratlas.com/poker-room/players-casino-ventura
Chumash Casino Resort	https://www.pokeratlas.com/poker-room/chumash-casino-santa-ynez
Golden West Casino	https://www.pokeratlas.com/poker-room/golden-west-casino-bakersfield
The Aviator Casino	https://www.pokeratlas.com/poker-room/aviator-casino-delano
500 Club Casino	https://www.pokeratlas.com/poker-room/500-club-clovis
Club One Casino	https://www.pokeratlas.com/poker-room/club-one-casino-fresno
Table Mountain Casino	https://www.pokeratlas.com/poker-room/table-mountain-friant
Parkwest Casino Lodi	https://www.pokeratlas.com/poker-room/parkwest-lodi
Casino 99	https://www.pokeratlas.com/poker-room/casino-99-chico
Towers Casino	https://www.pokeratlas.com/poker-room/towers-casino-grass-valley
Win-River Resort	https://www.pokeratlas.com/poker-room/win-river-casino-redding
Elk Valley Casino	https://www.pokeratlas.com/poker-room/elk-valley-casino-crescent-city
Bear River Casino	https://www.pokeratlas.com/poker-room/bear-river-casino-loleta
Blue Lake Casino	https://www.pokeratlas.com/poker-room/blue-lake-casino
Rain Rock Casino	https://www.pokeratlas.com/poker-room/rain-rock-casino
Pala Casino Spa Resort	https://www.pokeratlas.com/poker-room/pala-casino
Lake Elsinore Casino	https://www.pokeratlas.com/poker-room/lake-elsinore
Barona Resort & Casino	https://www.pokeratlas.com/poker-room/barona-casino-lakeside
Casino Chico	https://www.pokeratlas.com/poker-room/casino-chico
Palace Poker Casino	https://www.pokeratlas.com/poker-room/palace-poker-casino-hayward
Casino Club	https://www.pokeratlas.com/poker-room/casino-club-redding
Monarch Casino Resort	https://www.pokeratlas.com/poker-room/monarch-black-hawk
Bally's Black Hawk	https://www.pokeratlas.com/poker-room/ballys-black-hawk
Horseshoe Black Hawk	https://www.pokeratlas.com/poker-room/horseshoe-black-hawk
Foxwoods Resort Casino	https://www.pokeratlas.com/poker-room/foxwoods-mashantucket
Delaware Park Casino	https://www.pokeratlas.com/poker-room/delaware-park-wilmington
Bally's Dover	https://www.pokeratlas.com/poker-room/dover-downs
Seminole Hard Rock Hollywood	https://www.pokeratlas.com/poker-room/hard-rock-hollywood-ft-lauderdale
Seminole Hard Rock Tampa	https://www.pokeratlas.com/poker-room/hard-rock-tampa
Harrah's Pompano Beach	https://www.pokeratlas.com/poker-room/harrahs-pompano-pompano-beach
Magic City Casino	https://www.pokeratlas.com/poker-room/magic-city-casino-miami
Hialeah Park Casino	https://www.pokeratlas.com/poker-room/hialeah-park
Casino Miami	https://www.pokeratlas.com/poker-room/casino-miami
The Big Easy Casino	https://www.pokeratlas.com/poker-room/big-easy-casino-hallandale
Rivers Casino Des Plaines	https://www.pokeratlas.com/poker-room/rivers-casino-des-plaines
Grand Victoria Casino	https://www.pokeratlas.com/poker-room/grand-victoria-elgin
Hollywood Casino Aurora	https://www.pokeratlas.com/poker-room/hollywood-aurora
Bally's Quad Cities	https://www.pokeratlas.com/poker-room/quad-cities-rock-island
Horseshoe Hammond	https://www.pokeratlas.com/poker-room/horseshoe-hammond
Hard Rock Northern Indiana	https://www.pokeratlas.com/poker-room/hard-rock-casino-northern-indiana
Caesars Southern Indiana	https://www.pokeratlas.com/poker-room/caesars-s-indiana-elizabeth
Horseshoe Indianapolis	https://www.pokeratlas.com/poker-room/horseshoe-indy-shelbyville
Bally's Evansville	https://www.pokeratlas.com/poker-room/evansville
Horseshoe Council Bluffs	https://www.pokeratlas.com/poker-room/horseshoe-cb-council-bluffs
Riverside Casino	https://www.pokeratlas.com/poker-room/riverside-casino
Grand Falls Casino	https://www.pokeratlas.com/poker-room/grand-falls-larchwood
Diamond Jo Casino	https://www.pokeratlas.com/poker-room/diamond-jo-northwood
Q Casino	https://www.pokeratlas.com/poker-room/q-casino-dubuque
Hollywood Casino KS Speedway	https://www.pokeratlas.com/poker-room/hollywood-kansas-kansas-city
Kansas Star Casino	https://www.pokeratlas.com/poker-room/kansas-star-casino-mulvane
Prairie Band Casino	https://www.pokeratlas.com/poker-room/prairie-band-casino-mayetta
Boot Hill Casino	https://www.pokeratlas.com/poker-room/boot-hill-casino-dodge-city
Caesars New Orleans	https://www.pokeratlas.com/poker-room/caesars-new-orleans
Horseshoe Bossier City	https://www.pokeratlas.com/poker-room/horseshoe-bossier-bossier-city
Coushatta Casino Resort	https://www.pokeratlas.com/poker-room/coushatta-casino-kinder
Bally's Shreveport	https://www.pokeratlas.com/poker-room/ballys-shreveport
Paragon Casino Resort	https://www.pokeratlas.com/poker-room/paragon-casino-marksville
Hollywood Casino Bangor	https://www.pokeratlas.com/poker-room/hollywood-bangor
MGM National Harbor	https://www.pokeratlas.com/poker-room/mgm-national-oxon-hill
Live! Casino & Hotel	https://www.pokeratlas.com/poker-room/live-casino-hotel-hanover
Horseshoe Baltimore	https://www.pokeratlas.com/poker-room/horseshoe-baltimore
Hollywood Casino Perryville	https://www.pokeratlas.com/poker-room/hollywood-perryville
MGM Springfield	https://www.pokeratlas.com/poker-room/mgm-springfield
MGM Grand Detroit	https://www.pokeratlas.com/poker-room/mgm-grand-detroit
MotorCity Casino Hotel	https://www.pokeratlas.com/poker-room/motorcity-casino-detroit
Hollywood Casino Greektown	https://www.pokeratlas.com/poker-room/greektown-detroit
FireKeepers Casino	https://www.pokeratlas.com/poker-room/firekeepers-battle-creek
Soaring Eagle Casino	https://www.pokeratlas.com/poker-room/soaring-eagle-mt-pleasant
Gun Lake Casino	https://www.pokeratlas.com/poker-room/gun-lake-wayland
Odawa Casino	https://www.pokeratlas.com/poker-room/odawa-casino-petoskey
Island Resort & Casino	https://www.pokeratlas.com/poker-room/island-casino-harris
Kewadin Casino Sault Ste Marie	https://www.pokeratlas.com/poker-room/kewadin-casino-sault-sainte-marie
Running Aces Casino	https://www.pokeratlas.com/poker-room/running-aces-forest-lake
Treasure Island Resort	https://www.pokeratlas.com/poker-room/treasure-island-welch
Fortune Bay Resort	https://www.pokeratlas.com/poker-room/fortune-bay-casino-tower
Shooting Star Casino	https://www.pokeratlas.com/poker-room/shooting-star-mahnomen
Cedar Lakes Casino	https://www.pokeratlas.com/poker-room/cedar-lakes-casino-hotel-cass-lake
Northern Lights Casino	https://www.pokeratlas.com/poker-room/northern-lights-walker
Beau Rivage Resort	https://www.pokeratlas.com/poker-room/beau-rivage-biloxi
IP Casino Resort Spa	https://www.pokeratlas.com/poker-room/ip-casino-biloxi
Horseshoe Tunica	https://www.pokeratlas.com/poker-room/horseshoe-tunica-robinsonville
Pearl River Resort	https://www.pokeratlas.com/poker-room/pearl-river-resort-philadelphia
Hollywood Casino St. Louis	https://www.pokeratlas.com/poker-room/hollywood-st-louis-maryland-heights
Harrah's Kansas City	https://www.pokeratlas.com/poker-room/harrahs-kc-kansas-city
Horseshoe St. Louis	https://www.pokeratlas.com/poker-room/horseshoe-st-louis
Century Casino Cape Girardeau	https://www.pokeratlas.com/poker-room/century-girardeau-cape-girardeau
Silvertip Casino	https://www.pokeratlas.com/poker-room/silvertip-casino-missoula
Claim Jumper Casino	
Bugz's Casino	https://www.pokeratlas.com/poker-room/bugzs-cardroom-billings
Gray Wolf Peak Casino	
Glacier Peaks Casino	https://www.pokeratlas.com/poker-room/glacier-peaks-browning
Silver Creek Casino	https://www.pokeratlas.com/poker-room/silver-creek-missoula
Nickels Gaming Parlour	https://www.pokeratlas.com/poker-room/nickels-helena
93 Casino	https://www.pokeratlas.com/poker-room/93-casino-liquor-eureka
Northern Winz Hotel & Casino	https://www.pokeratlas.com/poker-room/northern-winz-box-elder
Aria Resort & Casino	https://www.pokeratlas.com/poker-room/aria-las-vegas
Venetian Resort	https://www.pokeratlas.com/poker-room/venetian-las-vegas
Caesars Palace	https://www.pokeratlas.com/poker-room/caesars-palace-las-vegas
Horseshoe Las Vegas	https://www.pokeratlas.com/poker-room/horseshoe-las-vegas
Resorts World Las Vegas	https://www.pokeratlas.com/poker-room/resorts-world-las-vegas
MGM Grand	https://www.pokeratlas.com/poker-room/mgm-grand-las-vegas
South Point Casino	https://www.pokeratlas.com/poker-room/south-point-las-vegas
Orleans Hotel & Casino	https://www.pokeratlas.com/poker-room/the-orleans-las-vegas
Red Rock Resort	https://www.pokeratlas.com/poker-room/red-rock-las-vegas
Skyline Casino	https://www.pokeratlas.com/poker-room/skyline-casino-henderson
Atlantis Casino	https://www.pokeratlas.com/poker-room/atlantis-casino-reno
Grand Sierra Resort	https://www.pokeratlas.com/poker-room/grand-sierra-reno
Nugget Casino Resort	https://www.pokeratlas.com/poker-room/ja-nugget-reno-sparks
Rainbow Hotel Casino	https://www.pokeratlas.com/poker-room/rainbow-casino-west-wendover
Mesquite Gaming (CasaBlanca)	https://www.pokeratlas.com/poker-room/casablanca-mesquite
Eureka Casino Resort	https://www.pokeratlas.com/poker-room/eureka-mesquite
Filotimo Casino Manchester	https://www.pokeratlas.com/poker-room/manchester-poker
Filotimo Casino Dover	https://www.pokeratlas.com/poker-room/revo-casino-social-house-dover
Gate City Casino	https://www.pokeratlas.com/poker-room/gate-city-nashua
The River Casino	https://www.pokeratlas.com/poker-room/the-river-casino-nashua
Lakes Region Casino	https://www.pokeratlas.com/poker-room/lakes-region-casino-belmont
Concord Casino	https://www.pokeratlas.com/poker-room/concord-casino
Revo Casino - Conway	https://www.pokeratlas.com/poker-room/revo-casino-social-house-conway
Revo Casino - Keene	https://www.pokeratlas.com/poker-room/revo-casino-social-house-keene
Revo Casino - Lebanon	https://www.pokeratlas.com/poker-room/lebanon-poker-room
Borgata Hotel Casino	https://www.pokeratlas.com/poker-room/borgata-atlantic-city
Harrah's Atlantic City	https://www.pokeratlas.com/poker-room/harrahs-ac-atlantic-city
Sandia Resort & Casino	https://www.pokeratlas.com/poker-room/sandia-poker-room-albuquerque
Isleta Resort & Casino	https://www.pokeratlas.com/poker-room/isleta-casino-albuquerque
Route 66 Casino Hotel	https://www.pokeratlas.com/poker-room/route-66-casino-albuquerque
Buffalo Thunder Resort	https://www.pokeratlas.com/poker-room/buffalo-thunder-santa-fe
Santa Ana Star Casino	https://www.pokeratlas.com/poker-room/santa-ana-star-bernalillo
Turning Stone Resort	https://www.pokeratlas.com/poker-room/turning-stone-verona
Resorts World Catskills	https://www.pokeratlas.com/poker-room/resorts-world-catski-monticello
Rivers Casino Schenectady	https://www.pokeratlas.com/poker-room/rivers-schenectady
del Lago Resort & Casino	https://www.pokeratlas.com/poker-room/del-lago-waterloo
Tioga Downs Casino	https://www.pokeratlas.com/poker-room/tioga-downs-nichols
Seneca Niagara Casino	https://www.pokeratlas.com/poker-room/seneca-niagara-niagara-falls
Harrah's Cherokee	https://www.pokeratlas.com/poker-room/harrahs-cherokee
Dakota Magic Casino	https://www.pokeratlas.com/poker-room/dakota-magic-hankinson
Sky Dancer Casino	https://www.pokeratlas.com/poker-room/sky-dancer-casino-belcourt
4 Bears Casino	https://www.pokeratlas.com/poker-room/4-bears-new-town
Hard Rock Cincinnati	https://www.pokeratlas.com/poker-room/hard-rock-cincinnati
Hollywood Columbus	https://www.pokeratlas.com/poker-room/hollywood-columbus
Hollywood Toledo	https://www.pokeratlas.com/poker-room/hollywood-toledo
JACK Cleveland Casino	https://www.pokeratlas.com/poker-room/jack-cleveland
Choctaw Casino Durant	https://www.pokeratlas.com/poker-room/choctaw-durant
WinStar World Casino	https://www.pokeratlas.com/poker-room/winstar-casino-thackerville
Hard Rock Tulsa	https://www.pokeratlas.com/poker-room/hard-rock-tulsa-catoosa
River Spirit Casino	https://www.pokeratlas.com/poker-room/river-spirit-casino-tulsa
Downstream Casino	https://www.pokeratlas.com/poker-room/downstream-casino-quapaw
Grand Casino Hotel	https://www.pokeratlas.com/poker-room/grand-casino-shawnee
Indigo Sky Casino	https://www.pokeratlas.com/poker-room/indigo-sky-casino-wyandotte
Riverwind Casino	https://www.pokeratlas.com/poker-room/riverwind-casino-norman
Osage Casino Tulsa	https://www.pokeratlas.com/poker-room/osage-tulsa
Comanche Nation Casino	https://www.pokeratlas.com/poker-room/comanche-nation-lawton
Spirit Mountain Casino	https://www.pokeratlas.com/poker-room/spirit-mountain-grand-ronde
Chinook Winds Casino	https://www.pokeratlas.com/poker-room/chinook-winds-lincoln-city
Three Rivers Casino	https://www.pokeratlas.com/poker-room/three-rivers-florence
Seven Feathers Casino Resort	https://www.pokeratlas.com/poker-room/seven-feathers-canyonville
Parx Casino	https://www.pokeratlas.com/poker-room/parx-casino-bensalem
Rivers Casino Philadelphia	https://www.pokeratlas.com/poker-room/rivers-philadelphia
Live! Casino Philadelphia	https://www.pokeratlas.com/poker-room/live-casino-philadelphia
Wind Creek Bethlehem	https://www.pokeratlas.com/poker-room/wind-creek-bethlehem
Rivers Casino Pittsburgh	https://www.pokeratlas.com/poker-room/rivers-casino-pittsburgh
Live! Casino Pittsburgh	https://www.pokeratlas.com/poker-room/live-casino-pittsburgh-greensburg
Mount Airy Casino	https://www.pokeratlas.com/poker-room/mount-airy-casino-mt-pocono
Hollywood Casino Grantville	https://www.pokeratlas.com/poker-room/hollywood-penn-natl-grantville
Hollywood Casino Meadows	https://www.pokeratlas.com/poker-room/hollywood-meadows-washington
Bally's Twin River Lincoln	https://www.pokeratlas.com/poker-room/ballys-twin-river-lincoln
Rivers Casino Portsmouth	https://www.pokeratlas.com/poker-room/rivers-casino-portsmouth
Hard Rock Bristol	https://www.pokeratlas.com/poker-room/hard-rock-hotel-casino-bristol
Muckleshoot Casino	https://www.pokeratlas.com/poker-room/muckleshoot-casino-auburn
Tulalip Resort Casino	https://www.pokeratlas.com/poker-room/tulalip-casino-marysville
Last Frontier Casino	https://www.pokeratlas.com/poker-room/the-last-frontier-la-center
Palace Casino	https://www.pokeratlas.com/poker-room/palace-casino-lakewood
Chips Casino	https://www.pokeratlas.com/poker-room/chips-casino-lakewood
Snoqualmie Casino	https://www.pokeratlas.com/poker-room/snoqualmie-casino
Northern Quest Casino	https://www.pokeratlas.com/poker-room/northern-quest-airway-heights
Black Pearl Casino	https://www.pokeratlas.com/poker-room/black-pearl-spokane
Little Creek Casino	https://www.pokeratlas.com/poker-room/little-creek-casino-shelton
7 Cedars Casino	https://www.pokeratlas.com/poker-room/7-cedars-sequim
Swinomish Casino	https://www.pokeratlas.com/poker-room/swinomish-casino-anacortes
Legends Casino	https://www.pokeratlas.com/poker-room/legends-toppenish
Crazy Moose Casino Pasco	https://www.pokeratlas.com/poker-room/crazy-moose-pasco
Joker's Casino	https://www.pokeratlas.com/poker-room/jokers-casino-richland
Wild Goose Casino	https://www.pokeratlas.com/poker-room/wild-goose-casino-ellensburg
Silver Dollar Casino (Renton)	https://www.pokeratlas.com/poker-room/silver-dollar-renton
Silver Dollar Casino (SeaTac)	https://www.pokeratlas.com/poker-room/silver-dollar-seattle
Roman Casino	https://www.pokeratlas.com/poker-room/roman-casino
All Star Lanes & Casino	https://www.pokeratlas.com/poker-room/all-star-lanes-silverdale
Lilac Lanes & Casino	https://www.pokeratlas.com/poker-room/lilac-lanes-spokane
Hollywood Charles Town	https://www.pokeratlas.com/poker-room/hwood-charles-town
Mardi Gras Casino	https://www.pokeratlas.com/poker-room/mardi-gras-casino-nitro
Potawatomi Casino Hotel	https://www.pokeratlas.com/poker-room/potawatomi-casino-milwaukee
Oneida Casino	https://www.pokeratlas.com/poker-room/oneida-casino-green-bay
Sevenwinds Casino	https://www.pokeratlas.com/poker-room/sevenwinds-hayward
Lake of the Torches	https://www.pokeratlas.com/poker-room/lake-of-the-torches-lac-du-flambeau
Wind River Casino	https://www.pokeratlas.com/poker-room/wind-river-casino-riverton
101 Poker Club	https://www.pokeratlas.com/poker-room/101-poker-club-katy
52 Pick Up Social	https://www.pokeratlas.com/poker-room/52-social-club-round-rock
9 Dragons	
Ace 1 Social Club	https://www.pokeratlas.com/poker-room/ace-1-social-club-corpus-christi
Ace Card Club	https://www.pokeratlas.com/poker-room/ace-1-social-club-corpus-christi
Ace High Social	https://www.pokeratlas.com/poker-room/ace-high-social-burleson
Aggieland Poker Club	https://www.pokeratlas.com/poker-room/aggieland-poker-club-college-station
Alamo Card House 2	https://www.pokeratlas.com/poker-room/alamo-card-house-2-san-antonio
Alpha Social Card Club	https://www.pokeratlas.com/poker-room/alpha-social-card-club-wichita-falls
Amarillo Social Club	https://www.pokeratlas.com/poker-room/amarillo-social-club
Bluefelt El Paso Card Club	
Broadway Social Club	
Bullets Card Club	https://www.pokeratlas.com/poker-room/bullets-card-club-austin
Comal Card Haus	https://www.pokeratlas.com/poker-room/comal-card-haus-new-braunfels
Crossroads Card House	https://www.pokeratlas.com/poker-room/crossroads-card-house-victoria
Doghouse Poker Club	https://www.pokeratlas.com/poker-room/doghouse-poker-club-cypress
Elite Poker Lounge	https://www.pokeratlas.com/poker-room/elite-poker-lounge-mcallen
Empire Poker Club	https://www.pokeratlas.com/poker-room/empire-poker-club-houston
Fortune Poker Club	https://www.pokeratlas.com/poker-room/fortune-poker-club-houston
Gin Mill Card Club Farwell	
Gin Mill Card Club Lubbock	https://www.pokeratlas.com/poker-room/gin-mill-card-club-lubbock
House of Kings Card Club	https://www.pokeratlas.com/poker-room/house-of-kings-card-club-el-paso
Johny's Social Card Club	
Jokers of Aggieland Poker Club	
JokerStars Social Club	
Katy Poker	https://www.pokeratlas.com/poker-room/katy-poker
KoJack's Poker Club	https://www.pokeratlas.com/poker-room/kojack-s-poker-club-midland
Lodge Card Club Austin	https://www.pokeratlas.com/poker-room/lodge-card-club-austin-round-rock
Lone Star Social	https://www.pokeratlas.com/poker-room/lone-star-social-cedar-park
Lucky J Social Club	
Matador Poker House	https://www.pokeratlas.com/poker-room/matador-poker-house-lubbock
Oak Cliff Card Club	https://www.pokeratlas.com/poker-room/oak-cliff-card-club-dallas
On The River Social Club	https://www.pokeratlas.com/poker-room/on-the-river-social-club-san-marcos
Palace Poker	https://www.pokeratlas.com/poker-room/palace-poker-grand-prairie
PH Social Club Dallas	
Poker 1	
Poker House Fort Worth	https://www.pokeratlas.com/poker-room/poker-house-fort-worth-burleson
PrymeTyme Poker House	
Red Star Social	
River Rats Poker Club	https://www.pokeratlas.com/poker-room/river-rats-poker-club-navasota
Rustlers Poker Club	
SA Card House	https://www.pokeratlas.com/poker-room/sa-card-house-san-antonio
Shuffle 214	https://www.pokeratlas.com/poker-room/shuffle-214-dallas
Shuffle 512	https://www.pokeratlas.com/poker-room/shuffle-512-austin
South Plains Social Club	
Spades Poker House	https://www.pokeratlas.com/poker-room/spades-poker-house-webster
Spades Poker House Baytown	
Sportsbook Bishop Arts	
Sun City Card Club	https://www.pokeratlas.com/poker-room/sun-city-card-club-el-paso
TCH Social Austin	https://www.pokeratlas.com/poker-room/tch-social-austin
TCH Social Las Colinas	https://www.pokeratlas.com/poker-room/tch-social-las-colinas-irving
Texas Card House Dallas	https://www.pokeratlas.com/poker-room/texas-card-house-dallas
Texas Card House Houston	https://www.pokeratlas.com/poker-room/texas-card-house-houston
Texas Card House Rio Grande Valley	https://www.pokeratlas.com/poker-room/texas-card-house-rio-grande-valley-edinburg
Texas Card House Spring	https://www.pokeratlas.com/poker-room/texas-card-house-spring
Texas Double Deuce Social Club	
Texline Card House	
The Big Blind	https://www.pokeratlas.com/poker-room/big-blind-san-antonio
The Club EPTX	
The Desperado Club	
The Fort Card Room	https://www.pokeratlas.com/poker-room/the-fort-card-room-aledo
The Hangar Poker House	https://www.pokeratlas.com/poker-room/hangar-poker-house-humble
The Office Card Room	
The River League	
The River Poker Club	https://www.pokeratlas.com/poker-room/the-river-poker-club-spring
The Royal Card Club	
The Royal Card House of San Antonio	
The Speakeasy Card Room	
The Wheel Social Club	
The White Rabbit	
VIP Social Club	https://www.pokeratlas.com/poker-room/vip-social-club-amarillo
West Texas Card House	
Bankers Casino	https://www.pokeratlas.com/poker-room/bankers-casino-salinas
Oceanview Casino	https://www.pokeratlas.com/poker-room/oceanview-santa-cruz
Outlaws Card Parlour	
Casino Monterey - The Marina Club	https://www.pokeratlas.com/poker-room/casino-monterey-the-marina-club
Bay 101 Casino	https://www.pokeratlas.com/poker-room/bay-101-san-jose
Oaks Card Club	https://www.pokeratlas.com/poker-room/oaks-card-club-emeryville
Stones Gambling Hall	https://www.pokeratlas.com/poker-room/stones-gambling-hall-citrus-heights
Artichoke Joe's Casino	https://www.pokeratlas.com/poker-room/artichoke-joes-san-bruno
Lucky Chances Casino	https://www.pokeratlas.com/poker-room/lucky-chances-colma
Capitol Casino	https://www.pokeratlas.com/poker-room/capitol-casino-sacramento
Limelight Card Room	https://www.pokeratlas.com/poker-room/limelight-card-room-sacramento
Kings Card Club	https://www.pokeratlas.com/poker-room/kings-card-club-stockton
Parkwest Casino Cordova	https://www.pokeratlas.com/poker-room/parkwest-rancho-cordova
Parkwest Casino Lotus	https://www.pokeratlas.com/poker-room/lotus-sacramento
Parkwest Casino Lodi	https://www.pokeratlas.com/poker-room/parkwest-lodi
Casino M8trix	https://www.pokeratlas.com/poker-room/casino-m8trix-san-jose
Casino 99	https://www.pokeratlas.com/poker-room/casino-99-chico
Turlock Poker Room	https://www.pokeratlas.com/poker-room/turlock-poker-room
Garlic City Casino	https://www.pokeratlas.com/poker-room/garlic-city-casino-gilroy
California Grand Casino	https://www.pokeratlas.com/poker-room/california-grand-pacheco
Livermore Casino	https://www.pokeratlas.com/poker-room/livermore-casino-livermore
Palace Poker Casino	https://www.pokeratlas.com/poker-room/palace-poker-casino-hayward
19th Hole	https://www.pokeratlas.com/poker-room/19th-hole-antioch
Black Pearl Casino	https://www.pokeratlas.com/poker-room/black-pearl-spokane
Lancer Lanes	
Lilac Lanes & Casino	https://www.pokeratlas.com/poker-room/lilac-lanes-spokane
Clearwater Saloon & Casino	
Club 48 Poker Room	
Fortune Poker Room	https://www.pokeratlas.com/poker-room/fortune-poker-room-renton
Red Dragon Poker	https://www.pokeratlas.com/poker-room/red-dragon-poker
Caribbean Cardroom	https://www.pokeratlas.com/poker-room/caribbean-cardroom-kirkland
Ace's Poker	https://www.pokeratlas.com/poker-room/aces-poker
Last Frontier Casino	https://www.pokeratlas.com/poker-room/the-last-frontier-la-center
Palace Casino	https://www.pokeratlas.com/poker-room/palace-casino-lakewood
Chips Casino	https://www.pokeratlas.com/poker-room/chips-casino-lakewood
Crazy Moose Casino Pasco	https://www.pokeratlas.com/poker-room/crazy-moose-pasco
Joker's Casino	https://www.pokeratlas.com/poker-room/jokers-casino-richland
Wild Goose Casino	https://www.pokeratlas.com/poker-room/wild-goose-casino-ellensburg
Silver Dollar Casino Renton	https://www.pokeratlas.com/poker-room/silver-dollar-renton
Roman Casino	https://www.pokeratlas.com/poker-room/roman-casino
All Star Lanes & Casino	https://www.pokeratlas.com/poker-room/all-star-lanes-silverdale
Seat Open Poker Room	
The Silver Slipper	
Rimrock Lodge Poker Room	
Doc & Eddy's Poker Room	https://www.pokeratlas.com/poker-room/docs-eddys-poker-room-billings
Bugz's Cardroom	https://www.pokeratlas.com/poker-room/bugzs-cardroom-billings
Shooters Poker Room	https://www.pokeratlas.com/poker-room/shooters-poker-room-billings
The Grandstand	
Queen of Hearts Card Club	
Red Door Lounge	
Claim Jumper Casino	
Silvertip Casino	https://www.pokeratlas.com/poker-room/silvertip-casino-missoula
Gray Wolf Peak Casino	
Stockman's Bar Poker Room	
VFW Poker Room Missoula	
Westside Lanes Poker	
Nickels Gaming Parlour	https://www.pokeratlas.com/poker-room/nickels-helena
Rialto Bar	
Miller's Crossing	
Derby Lane Poker Room	https://www.pokeratlas.com/poker-room/derby-lane-st-petersburg
Oxford Downs Poker Room	https://www.pokeratlas.com/poker-room/oxford-downs-summerfield
Orange City Racing & Card Club	https://www.pokeratlas.com/poker-room/orange-city-racing-card-club
Daytona Racing & Card Club	https://www.pokeratlas.com/poker-room/daytona-racing-card-club
Ebro Poker Room	https://www.pokeratlas.com/poker-room/ebro-poker-room-ebro
Silks Poker Tampa Bay Downs	https://www.pokeratlas.com/poker-room/silks-poker-tampa-bay-downs
TGT Poker & Racebook	https://www.pokeratlas.com/poker-room/tgt-poker-racebook-tampa
One-Eyed Jacks Poker	https://www.pokeratlas.com/poker-room/one-eyed-jacks-sarasota
bestbet Jacksonville	https://www.pokeratlas.com/poker-room/bestbet-jacksonville-jacksonville
bestbet Orange Park	https://www.pokeratlas.com/poker-room/bestbet-orange-park
bestbet St. Augustine	https://www.pokeratlas.com/poker-room/bestbet-st-augustine
Palm Beach Kennel Club	https://www.pokeratlas.com/poker-room/palm-beach-kennel-club-west-palm-beach
Creek Entertainment	https://www.pokeratlas.com/poker-room/creek-entertainment-gretna
Pensacola Greyhound	https://www.pokeratlas.com/poker-room/pensacola-greyhound-pensacola
The Last Frontier Casino	https://www.pokeratlas.com/poker-room/the-last-frontier-la-center
Final Table Poker Club	https://www.pokeratlas.com/poker-room/final-table-poker-club-portland
Medford Social Club Poker Room	https://www.pokeratlas.com/poker-room/medford-social-club-poker-room-medford
Oregon Poker Club - Kit Kat Club	
Oregon Poker Club - Rialto Pool Room	
Oregon Poker Club - Stadiums Sports Bar	
The Club House	
The Diamond Poker Club	
The Game	
Grants Pass Poker Room	https://www.pokeratlas.com/poker-room/grants-pass
High Mountain Poker	https://www.pokeratlas.com/poker-room/high-mountain-poker-eugene
Full House Poker	https://www.pokeratlas.com/poker-room/full-house-poker-eugene
Bend Poker Room	https://www.pokeratlas.com/poker-room/bend-poker-room
International Poker Eugene	
Manchester Poker	https://www.pokeratlas.com/poker-room/manchester-poker
Chasers Poker Room	https://www.pokeratlas.com/poker-room/chasers-poker-room-salem
Gate City Poker Room	https://www.pokeratlas.com/poker-room/gate-city-nashua
Nash Casino Poker Room	
Lebanon Poker Room	https://www.pokeratlas.com/poker-room/lebanon-poker-room
The Brook Poker Room	https://www.pokeratlas.com/poker-room/the-brook-seabrook
Filotimo Casino Manchester	https://www.pokeratlas.com/poker-room/manchester-poker
Filotimo Casino Dover	https://www.pokeratlas.com/poker-room/revo-casino-social-house-dover
The River Casino	https://www.pokeratlas.com/poker-room/the-river-casino-nashua
Lakes Region Casino	https://www.pokeratlas.com/poker-room/lakes-region-casino-belmont
Concord Casino	https://www.pokeratlas.com/poker-room/concord-casino
Revo Casino - Conway	https://www.pokeratlas.com/poker-room/revo-casino-social-house-conway
Revo Casino - Keene	https://www.pokeratlas.com/poker-room/revo-casino-social-house-keene
Revo Casino - Lebanon	https://www.pokeratlas.com/poker-room/lebanon-poker-room
Burton Eagles Poker Room	
DiCicco's Poker Room	https://www.pokeratlas.com/poker-room/dicicco-s-poker-room-shelby-township
G's Charity Poker	https://www.pokeratlas.com/poker-room/gs-charity-poker-shelby-township
Kings Poker Room	https://www.pokeratlas.com/poker-room/kings-poker-room-grand-rapids
Muskegon Poker Room	https://www.pokeratlas.com/poker-room/muskegon-poker-room-muskegon
Owosso Poker Room	https://www.pokeratlas.com/poker-room/owosso-poker-room-owosso
Paradise Poker	https://www.pokeratlas.com/poker-room/paradise-poker-utica
Rosemack Poker Room	https://www.pokeratlas.com/poker-room/rosemack-roseville
Roundtree Poker Room	https://www.pokeratlas.com/poker-room/roundtree-poker-room-ypsilanti
The Event Spot Poker Room	https://www.pokeratlas.com/poker-room/event-spot-poker-room-clawson
The Saginaw Poker Room	https://www.pokeratlas.com/poker-room/saginaw-poker-room-saginaw
Thompson Poker Room	https://www.pokeratlas.com/poker-room/thompson-poker-room-ypsilanti
Waterford Card Room	https://www.pokeratlas.com/poker-room/waterford-card-room-waterford
Krazy Kopz at Vision Lanes	https://www.pokeratlas.com/poker-room/krazy-kopz-vision-lanes-westland
Krazy Kopz @ The Ivory Room	
Legends Poker Place of Metamora	https://www.pokeratlas.com/poker-room/legends-poker-place-of-metamora
Momo's Poker Room	https://www.pokeratlas.com/poker-room/momo-s-poker-room-taylor
Ace High Poker Club	https://www.pokeratlas.com/poker-room/ace-high-poker-club-oxford
Chicago Charitable Games	https://www.pokeratlas.com/poker-room/ccg-poker-chicago
Rockford Charitable Games (RCG Poker)	https://www.pokeratlas.com/poker-room/rockford-charity-games-rockford
Central Illinois Charitable Games (CICG Poker)	
Windy City Poker Championship	
Play Poker Chicago	
The Event Spot	https://www.pokeratlas.com/poker-room/event-spot-poker-room-clawson
Krazy Kopz at Vision Lanes	https://www.pokeratlas.com/poker-room/krazy-kopz-vision-lanes-westland
Ciccarelli's Sports Bar	https://www.pokeratlas.com/poker-room/dicicco-s-poker-room-shelby-township
DiCicco's Poker Room	https://www.pokeratlas.com/poker-room/dicicco-s-poker-room-shelby-township
G's Charity Poker	https://www.pokeratlas.com/poker-room/gs-charity-poker-shelby-township
Huron Poker Room (Friends of Huron)	
5 Star Charity Poker	
Northway Lanes Poker Room	
All Star Poker	
300 Bowl Card Room	
MO's Poker Room	
Legends Poker Place of Metamora	https://www.pokeratlas.com/poker-room/legends-poker-place-of-metamora
Momo's Poker Room	https://www.pokeratlas.com/poker-room/momo-s-poker-room-taylor
Rosemack Poker Room	https://www.pokeratlas.com/poker-room/rosemack-roseville
Roundtree Poker Room	https://www.pokeratlas.com/poker-room/roundtree-poker-room-ypsilanti
Thompson Poker Room	https://www.pokeratlas.com/poker-room/thompson-poker-room-ypsilanti
Waterford Card Room	https://www.pokeratlas.com/poker-room/waterford-card-room-waterford
Burton Eagles Poker Room	
Krazy Kopz @ The Ivory Room	
Poker Zone	
King's Charity Poker Room	
Cheers Poker Room & Casino	https://www.pokeratlas.com/poker-room/cheers-poker-room-manchester
The Brook	https://www.pokeratlas.com/poker-room/the-brook-seabrook
Chasers Poker Room	https://www.pokeratlas.com/poker-room/chasers-poker-room-salem
Aces and Eights Casino	
Beach Club Casino	
Casino Salem	
Filotimo Casino Manchester	https://www.pokeratlas.com/poker-room/manchester-poker
Filotimo Casino Dover	https://www.pokeratlas.com/poker-room/revo-casino-social-house-dover
Gate City Casino	https://www.pokeratlas.com/poker-room/gate-city-nashua
The River Casino	https://www.pokeratlas.com/poker-room/the-river-casino-nashua
Lakes Region Casino	https://www.pokeratlas.com/poker-room/lakes-region-casino-belmont
Concord Casino	https://www.pokeratlas.com/poker-room/concord-casino
Revo Casino Conway	https://www.pokeratlas.com/poker-room/revo-casino-social-house-conway
Revo Casino Keene	https://www.pokeratlas.com/poker-room/revo-casino-social-house-keene
Revo Casino Lebanon	https://www.pokeratlas.com/poker-room/lebanon-poker-room
Seabrook Poker Room	
Canterbury Park Card Club	https://www.pokeratlas.com/poker-room/canterbury-park-shakopee
American Legion East Grand Forks	
Beef O' Brady's St Francis	
Billy's Corner Bar & Grill	
Billy's Rockford Bar	
Sure Bet	
Fortune Bay Resort Casino Poker	
Mad River Poker Club	https://www.pokeratlas.com/poker-room/mad-river-poker-club-dayton
Shark Tank Poker Club	
Big Stack Poker Club	
Buckeye Charity Poker	
Nautica Charity Poker Festivals	
Chagrin Falls Dads' Club Poker Tournament	
Bexley Community Foundation Poker	
The Joker Club	
Reserve Poker Club	
Grinder's Poker Club	
Elks Lodges (Various)	
Little Kings and Queens	
Elks #155 Charity Casino	
Central Valley Gaming (Turlock Poker Room)	https://www.pokeratlas.com/poker-room/turlock-poker-room